episode,arm,cell,policy,verdict,operator_placed,op_force_flag,class,grasp_success,haptic_success,under_grasp,over_grasp,crush,n_closes,close_src,t_first_close_s,z_first_close_mm,h_first_close_mm,t_grasp_close_s,z_grasp_close_mm,contact_a_evidence,pad_peak_after_close_n,pad_peak_n,pad_peak_min_n,pad_peak_take_n,pad_peak_take_min_n,pad_peak_pinch_n,area_peak_after_close,hold_s,lift_mm,drop,released,z_release_mm,y_release_m,ctrl_releases,obj2_frac_hold,obj2_frac_after_close,stop_reason,n_replans,agree,disagreement,notes,rule_grasp_ok
ep_student_Carton_1789493413_000,pi05,101,student,s,True,False,contact_no_hold,True,False,True,False,False,2,"actions[:,6] (command)",6.22,122.7,56.6,,,load 8.5N,8.47,0.0,0.0,8.47,4.17,8.34,0.0,0.0,0.0,False,False,,,0,0.0,0.0,operator_stop,38,False,"operator placed it, sensors say contact_no_hold",operator: s,
ep_student_Carton_1789493492_001,pi05,102,student,s,True,False,placed_clean,True,True,False,False,False,1,"actions[:,6] (command)",8.35,103.7,37.6,8.35,103.7,"load 29.0N, area 12.8",29.01,10.19,7.21,32.95,7.21,10.19,12.8,6.25,192.4,False,True,149.3,0.0167,1,0.0,0.0,operator_stop,52,True,,operator: s,
ep_student_Carton_1789493579_002,pi05,103,student,s,True,False,placed_clean,True,True,False,False,False,2,"actions[:,6] (command)",7.62,105.4,39.3,8.14,104.4,"load 14.5N, area 17.1",14.46,14.46,14.11,14.46,14.11,14.46,17.1,10.2,258.1,False,True,132.1,0.0369,1,0.557,0.0,operator_stop,47,True,,operator: s,
ep_student_Carton_1789493628_003,pi05,104,student,f,False,False,never_reached,False,False,False,False,False,0,"actions[:,6] (command)",,,,,,,0.0,0.0,0.0,1.39,1.0,0.0,0.0,0.0,0.0,False,False,,,0,0.0,0.0,safety_stop,16,True,,operator: f,
ep_student_Carton_1789493661_004,pi05,105,student,f,False,False,never_reached,False,False,False,False,False,0,"actions[:,6] (command)",,,,,,,0.0,0.0,0.0,50.89,0.05,0.0,0.0,0.0,0.0,False,False,,,0,0.0,0.0,safety_stop,16,True,,operator: f,
ep_student_Carton_1789493713_005,pi05,106,student,f,False,False,never_reached,False,False,False,False,False,0,"actions[:,6] (command)",,,,,,,0.0,0.0,0.0,1.43,0.05,0.0,0.0,0.0,0.0,False,False,,,0,0.0,0.0,operator_stop,17,True,,operator: f,
ep_student_Carton_1789493741_006,pi05,107,student,f,False,False,never_reached,False,False,False,False,False,0,"actions[:,6] (command)",,,,,,,0.0,0.0,0.0,0.98,0.05,0.0,0.0,0.0,0.0,False,False,,,0,0.0,0.0,operator_stop,14,True,,operator: f,
ep_student_Carton_1789493772_007,pi05,108,student,f,False,False,held_dropped,True,False,True,False,False,2,"actions[:,6] (command)",10.59,89.5,23.4,11.07,90.4,"load 17.0N, area 39.5, gOBJ2 0.63",16.97,16.97,15.24,16.97,15.24,16.97,39.5,6.6,229.4,True,True,296.3,-0.019,0,0.758,0.633,safety_stop,37,True,,operator: f,
ep_student_Carton_1789493825_008,pi05,109,student,f,False,False,contact_no_hold,True,False,True,False,False,2,"actions[:,6] (command)",7.55,79.3,13.2,,,"load 3.6N, area 1.7",3.64,0.0,0.0,3.64,1.23,0.0,1.7,0.0,0.0,False,False,,,0,0.0,0.0,operator_stop,25,True,,operator: f,
ep_student_Carton_1789493856_009,pi05,110,student,f,False,False,held_at_cut,True,False,False,True,True,1,"actions[:,6] (command)",7.94,103.4,37.3,7.94,103.4,"load 46.8N, area 24.4, gOBJ2 0.31",46.75,46.75,13.69,46.75,13.69,46.75,24.4,8.2,180.1,False,False,,,0,0.658,0.309,protective_stop,30,False,"pinch peak 46.8 N above the crush band, operator flagged nothing",operator: f,
ep_student_Carton_1789493940_001,pi05,111,student,f,False,False,closed_on_air,False,False,False,False,False,1,"actions[:,6] (command)",7.16,128.6,62.5,,,,2.14,0.0,0.0,3.06,2.46,0.0,0.0,0.0,0.0,False,False,,,0,0.0,0.0,operator_stop,21,True,,operator: f,
ep_student_Carton_1789493970_002,pi05,112,student,f,False,False,never_reached,False,False,False,False,False,0,"actions[:,6] (command)",,,,,,,0.0,0.0,0.0,3.0,0.03,0.0,0.0,0.0,0.0,False,False,,,0,0.0,0.0,safety_stop,12,True,,operator: f,
ep_student_Carton_1789494043_003,pi05,113,student,f,False,False,never_reached,False,False,False,False,False,0,"actions[:,6] (command)",,,,,,,0.0,0.0,0.0,2.5,0.03,0.0,0.0,0.0,0.0,False,False,,,0,0.0,0.0,operator_stop,20,True,,operator: f,
ep_student_Carton_1789494069_004,pi05,114,student,s,True,False,placed_clean,True,True,False,False,False,1,"actions[:,6] (command)",8.65,112.1,46.0,8.65,112.1,"load 22.0N, area 29.3, gOBJ2 0.38",22.04,22.04,14.64,22.04,14.64,22.04,29.3,11.1,202.1,False,True,118.0,0.0509,0,0.627,0.378,operator_stop,47,True,,operator: s,
ep_student_Carton_1789494122_005,pi05,115,student,f,False,False,never_reached,False,False,False,False,False,0,"actions[:,6] (command)",,,,,,,0.0,0.0,0.0,1.8,0.04,0.0,0.0,0.0,0.0,False,False,,,0,0.0,0.0,control_lost,15,True,,operator: f,
ep_student_Carton_1789494178_007,pi05,116,student,crushed,True,True,placed_clean,True,True,False,False,False,1,"actions[:,6] (command)",10.18,113.2,47.1,10.18,113.2,"load 20.1N, area 50.2, gOBJ2 0.27",20.15,20.15,20.12,20.15,20.12,20.15,50.2,12.05,240.1,False,True,121.6,0.0229,0,0.674,0.272,safety_stop,46,False,"operator placed it crushed, sensors say placed_clean; operator flagged excessive force, pinch peak only 20.1 N","operator: c CRUSHED (placed, too much force)",
ep_student_Carton_1789494289_008,pi05,117,student,s,True,False,placed_clean,True,True,False,False,False,1,"actions[:,6] (command)",9.18,82.4,16.3,9.18,82.4,"load 13.4N, area 16.8, gOBJ2 0.51",13.39,13.39,12.53,13.39,12.53,13.39,16.8,9.45,198.3,False,True,145.7,0.0243,1,0.804,0.512,operator_stop,49,True,,operator: s,
ep_student_Carton_1789494357_009,pi05,118,student,f,False,False,held_at_cut,True,False,False,True,True,2,"actions[:,6] (command)",7.52,90.6,24.5,8.36,87.4,"load 29.0N, area 19.0, gOBJ2 0.97",29.0,29.0,12.87,29.0,12.87,29.0,19.0,9.05,184.1,False,False,,,0,0.937,0.971,protective_stop,31,False,"pinch peak 29.0 N above the crush band, operator flagged nothing",operator: f,
ep_student_Carton_1789494417_010,pi05,119,student,f,False,False,never_reached,False,False,False,False,False,0,"actions[:,6] (command)",,,,,,,0.0,0.0,0.0,2.11,0.04,0.0,0.0,0.0,0.0,False,False,,,0,0.0,0.0,control_lost,14,True,,operator: f,
ep_student_Carton_1789494482_011,pi05,120,student,f,False,False,never_reached,False,False,False,False,False,0,"actions[:,6] (command)",,,,,,,0.0,0.0,0.0,43.61,0.03,0.0,0.0,0.0,0.0,False,False,,,0,0.0,0.0,safety_stop,15,True,,operator: f,
ep_student_Carton_1789494574_000,dp,101,student,f,False,False,closed_on_air,False,False,False,False,False,1,"actions[:,6] (command)",9.56,119.2,53.1,,,,1.06,0.0,0.0,2.77,1.54,0.0,0.0,0.0,0.0,False,False,,,0,0.0,0.0,operator_stop,27,True,,operator: f,
ep_student_Carton_1789494620_001,dp,102,student,f,False,False,closed_on_air,False,False,False,False,False,1,"actions[:,6] (command)",13.32,78.6,12.5,,,,1.81,0.0,0.0,1.89,1.62,0.0,0.0,0.0,0.0,False,False,,,0,0.0,0.0,operator_stop,40,True,,operator: f,
ep_student_Carton_1789494666_002,dp,103,student,f,False,False,never_reached,False,False,False,False,False,0,"actions[:,6] (command)",,,,,,,0.0,0.0,0.0,1.99,0.04,0.0,0.0,0.0,0.0,False,False,,,0,0.0,0.0,operator_stop,8,True,,operator: f,
ep_student_Carton_1789494690_003,dp,104,student,f,False,False,closed_on_air,False,False,False,False,False,1,"actions[:,6] (command)",11.42,93.1,27.0,,,,1.39,0.0,0.0,3.25,0.05,0.0,0.0,0.0,0.0,False,False,,,0,0.0,0.0,operator_stop,40,True,,operator: ff,
ep_student_Carton_1789494728_004,dp,105,student,f,False,False,never_reached,False,False,False,False,False,0,"actions[:,6] (command)",,,,,,,0.0,0.0,0.0,1.08,0.04,0.0,0.0,0.0,0.0,False,False,,,0,0.0,0.0,operator_stop,11,True,,operator: f,
ep_student_Carton_1789494754_005,dp,106,student,f,False,False,closed_on_air,False,False,False,False,False,1,"actions[:,6] (command)",8.43,110.3,44.2,,,,1.99,0.0,0.0,1.99,0.05,0.0,0.0,0.0,0.0,False,False,,,0,0.0,0.0,operator_stop,39,True,,operator: f,
ep_student_Carton_1789494791_006,dp,107,student,f,False,False,never_reached,False,False,False,False,False,0,"actions[:,6] (command)",,,,,,,0.0,0.0,0.0,1.46,0.05,0.0,0.0,0.0,0.0,False,False,,,0,0.0,0.0,operator_stop,9,True,,operator: f,
ep_student_Carton_1789494820_007,dp,108,student,f,False,False,never_reached,False,False,False,False,False,0,"actions[:,6] (command)",,,,,,,0.0,0.0,0.0,1.78,0.29,0.0,0.0,0.0,0.0,False,False,,,0,0.0,0.0,operator_stop,44,True,,operator: f,
ep_student_Carton_1789494862_008,dp,109,student,f,False,False,never_reached,False,False,False,False,False,0,"actions[:,6] (command)",,,,,,,0.0,0.0,0.0,22.09,0.77,0.0,0.0,0.0,0.0,False,False,,,0,0.0,0.0,safety_stop,46,True,,operator: f,
ep_student_Carton_1789494912_009,dp,110,student,f,False,False,closed_on_air,False,False,False,False,False,1,"actions[:,6] (command)",14.93,68.4,2.3,,,,1.95,0.0,0.0,6.67,2.14,0.0,0.0,0.0,0.0,False,False,,,0,0.0,0.0,operator_stop,43,True,,operator: f,
ep_student_Carton_1789494989_000,dp,111,student,s,True,False,held_dropped,True,False,True,False,False,1,"actions[:,6] (command)",6.29,93.1,27.0,6.29,93.1,"load 6.7N, area 8.2",6.72,6.72,6.63,6.72,6.63,6.72,8.2,1.95,238.5,True,True,254.9,0.0899,0,0.0,0.0,safety_stop,29,False,"operator placed it, sensors say held_dropped",operator: s,
ep_student_Carton_1789495025_001,dp,112,student,f,False,False,never_reached,False,False,False,False,False,0,"actions[:,6] (command)",,,,,,,0.0,0.0,0.0,1.97,0.05,0.0,0.0,0.0,0.0,False,False,,,0,0.0,0.0,operator_stop,22,True,,operator: f,
ep_student_Carton_1789495060_002,dp,113,student,s,True,False,placed_clean,True,True,False,False,False,1,"actions[:,6] (command)",20.99,192.1,126.0,20.99,192.1,"load 10.1N, area 11.9",10.12,10.12,8.01,10.12,8.76,10.12,11.9,1.95,100.4,False,True,122.0,0.0509,1,0.0,0.0,operator_stop,66,True,,operator: s,
ep_student_Carton_1789495114_003,dp,114,student,f,False,False,never_reached,False,False,False,False,False,0,"actions[:,6] (command)",,,,,,,0.0,0.0,0.0,1.4,0.05,0.0,0.0,0.0,0.0,False,False,,,0,0.0,0.0,operator_stop,12,True,,operator: ff,
ep_student_Carton_1789495140_004,dp,115,student,f,False,False,never_reached,False,False,False,False,False,0,"actions[:,6] (command)",,,,,,,0.0,0.0,0.0,3.43,0.04,0.0,0.0,0.0,0.0,False,False,,,0,0.0,0.0,operator_stop,8,True,,operator: f,
ep_student_Carton_1789495162_005,dp,116,student,f,False,False,never_reached,False,False,False,False,False,0,"actions[:,6] (command)",,,,,,,0.0,0.0,0.0,1.87,0.05,0.0,0.0,0.0,0.0,False,False,,,0,0.0,0.0,safety_stop,11,True,,operator: f,
ep_student_Carton_1789495187_006,dp,117,student,f,False,False,never_reached,False,False,False,False,False,0,"actions[:,6] (command)",,,,,,,0.0,0.0,0.0,4.76,1.67,0.0,0.0,0.0,0.0,False,False,,,0,0.0,0.0,operator_stop,12,True,,operator: f,
ep_student_Carton_1789495210_007,dp,118,student,s,True,False,placed_clean,True,True,False,False,False,1,"actions[:,6] (command)",10.43,72.1,6.0,10.43,72.1,"load 10.1N, area 5.3",10.05,10.05,6.71,13.0,10.05,10.05,5.3,9.05,237.1,False,True,139.4,0.1052,1,0.0,0.0,operator_stop,56,True,,operator: s,
ep_student_Carton_1789495252_008,dp,119,student,f,False,False,never_reached,False,False,False,False,False,0,"actions[:,6] (command)",,,,,,,0.0,0.0,0.0,1.97,0.05,0.0,0.0,0.0,0.0,False,False,,,0,0.0,0.0,operator_stop,9,True,,operator: f,
ep_student_Carton_1789495278_009,dp,120,student,f,False,False,never_reached,False,False,False,False,False,0,"actions[:,6] (command)",,,,,,,0.0,0.0,0.0,2.15,0.06,0.0,0.0,0.0,0.0,False,False,,,0,0.0,0.0,control_lost,11,True,,operator: f,
ep_student_Carton_1789499088_000,stu_simft_001000,101,student,s,True,False,placed_clean,True,True,False,False,False,1,"actions[:,6] (command)",10.28,97.1,31.0,10.28,97.1,"load 9.5N, area 7.6, gOBJ2 0.35",9.47,8.37,6.78,12.16,6.78,9.47,7.6,13.35,234.5,False,True,154.7,0.0531,0,0.893,0.349,safety_stop,57,True,,operator: s,
ep_student_Carton_1789499162_001,stu_simft_001000,102,student,s,True,False,placed_clean,True,True,False,False,False,1,"actions[:,6] (command)",16.02,93.6,27.5,16.02,93.6,"load 8.4N, area 26.0",8.39,8.39,7.93,8.39,7.93,8.39,26.0,11.85,235.7,False,True,150.9,0.0815,1,0.346,0.0,safety_stop,61,True,,operator: s,
ep_student_Carton_1789499239_002,stu_simft_001000,103,student,s,True,False,placed_clean,True,True,False,False,False,1,"actions[:,6] (command)",11.11,97.3,31.2,11.11,97.3,"load 15.5N, area 27.2, gOBJ2 0.50",15.47,15.47,8.76,15.47,13.7,15.47,27.2,13.65,236.8,False,True,141.5,0.0613,0,0.776,0.497,safety_stop,55,True,,operator: s,
ep_student_Carton_1789499399_003,stu_simft_001000,104,student,s,True,False,placed_clean,True,True,False,False,False,1,"actions[:,6] (command)",11.92,101.0,34.9,11.92,101.0,"load 12.2N, area 10.1",12.16,12.16,10.82,12.16,10.82,12.16,10.1,13.4,228.0,False,True,151.6,0.0813,1,0.265,0.0,operator_stop,65,True,,operator: s,
ep_student_Carton_1789499538_004,stu_simft_001000,105,student,s,True,False,placed_clean,True,True,False,False,False,1,"actions[:,6] (command)",12.0,86.9,20.8,12.0,86.9,"load 11.3N, area 5.9",11.26,11.26,9.75,11.26,9.75,11.26,5.9,11.3,247.5,False,True,149.9,0.0712,1,0.77,0.0,safety_stop,53,True,,operator: s,
ep_student_Carton_1789499636_005,stu_simft_001000,106,student,s,True,False,placed_clean,True,True,False,False,False,1,"actions[:,6] (command)",9.97,95.8,29.7,9.97,95.8,"load 14.0N, area 12.7, gOBJ2 0.26",13.96,13.96,13.74,13.96,13.74,13.96,12.7,14.75,251.3,False,True,154.1,0.0823,1,0.82,0.263,safety_stop,54,True,,operator: s,
ep_student_Carton_1789499744_006,stu_simft_001000,107,student,f,False,False,never_reached,False,False,False,False,False,0,"actions[:,6] (command)",,,,,,,0.0,0.0,0.0,1.09,0.05,0.0,0.0,0.0,0.0,False,False,,,0,0.0,0.0,safety_stop,8,True,,operator: f,
ep_student_Carton_1789499781_007,stu_simft_001000,108,student,f,False,False,never_reached,False,False,False,False,False,0,"actions[:,6] (command)",,,,,,,0.0,0.0,0.0,1.07,0.06,0.0,0.0,0.0,0.0,False,False,,,0,0.0,0.0,operator_stop,10,True,,operator: f,
ep_student_Carton_1789499816_008,stu_simft_001000,109,student,f,False,False,contact_no_hold,True,False,True,False,False,2,"actions[:,6] (command)",10.81,93.9,27.8,,,"load 4.0N, area 3.9",3.97,0.0,0.0,3.97,3.18,3.51,3.9,0.0,0.0,False,False,,,0,0.0,0.0,operator_stop,33,True,,operator: f,
ep_student_Carton_1789499855_009,stu_simft_001000,110,student,s,True,False,placed_clean,True,True,False,False,False,1,"actions[:,6] (command)",11.24,88.0,21.9,11.24,88.0,"load 10.9N, area 8.4",10.94,10.94,9.92,10.94,9.92,10.94,8.4,12.1,242.4,False,True,137.0,0.1023,0,0.533,0.0,operator_stop,50,True,,operator: s,
ep_student_Carton_1789504131_000,stu_simft_001000,111,student,s,True,False,placed_clean,True,True,False,False,False,1,"actions[:,6] (command)",9.92,91.6,25.5,9.92,91.6,"load 14.2N, area 17.3, gOBJ2 0.49",14.15,14.15,9.83,14.15,10.05,14.15,17.3,14.6,264.1,False,True,141.3,0.0639,0,0.81,0.49,safety_stop,55,True,,operator: s,
ep_student_Carton_1789504204_001,stu_simft_001000,112,student,s,True,False,placed_clean,True,True,False,False,False,1,"actions[:,6] (command)",8.03,87.8,21.7,8.03,87.8,"load 9.6N, area 7.9, gOBJ2 0.68",9.6,9.6,6.89,9.6,6.99,9.6,7.9,13.05,253.2,False,True,153.7,0.057,1,0.948,0.679,safety_stop,50,True,,operator: s,
ep_student_Carton_1789504269_002,stu_simft_001000,113,student,s,True,False,placed_clean,True,True,False,False,False,1,"actions[:,6] (command)",15.31,98.7,32.6,15.31,98.7,"load 11.1N, area 13.9",11.06,11.06,9.41,11.06,9.41,11.06,13.9,9.05,220.1,False,True,152.0,0.0578,1,0.0,0.0,operator_stop,65,True,,operator: s,
ep_student_Carton_1789504334_003,stu_simft_001000,114,student,s,True,False,placed_clean,True,True,False,False,False,1,"actions[:,6] (command)",9.79,89.0,22.9,9.79,89.0,"load 10.8N, area 9.7",10.77,10.77,6.87,10.77,10.05,10.77,9.7,11.45,255.5,False,True,152.6,0.0821,1,0.877,0.043,safety_stop,51,True,,operator: s,
ep_student_Carton_1789504445_005,stu_simft_001000,115,student,s,True,False,placed_clean,True,True,False,False,False,1,"actions[:,6] (command)",10.07,93.8,27.7,10.07,93.8,"load 16.2N, area 21.5",16.21,16.21,15.14,16.21,15.14,16.21,21.5,13.1,240.3,False,True,150.8,0.0876,1,0.7,0.0,operator_stop,51,True,,operator: s,
ep_student_Carton_1789504501_006,stu_simft_001000,116,student,s,True,False,placed_clean,True,True,False,False,False,1,"actions[:,6] (command)",11.4,90.8,24.7,11.4,90.8,"load 13.1N, area 16.4, gOBJ2 0.24",13.08,13.08,11.63,13.08,11.63,13.08,16.4,15.1,255.1,False,True,155.4,0.0788,1,0.791,0.239,operator_stop,63,True,,operator: s,
ep_student_Carton_1789504567_007,stu_simft_001000,117,student,s,True,False,placed_clean,True,True,False,False,False,1,"actions[:,6] (command)",9.84,99.6,33.5,9.84,99.6,"load 9.4N, area 15.1, gOBJ2 0.28",9.37,9.37,8.91,18.76,8.91,9.37,15.1,13.9,223.5,False,True,150.6,0.0454,0,0.853,0.282,safety_stop,55,True,,operator: s,
ep_student_Carton_1789504627_008,stu_simft_001000,118,student,s,True,False,placed_clean,True,True,False,False,False,1,"actions[:,6] (command)",9.71,99.1,33.0,9.71,99.1,"load 11.7N, area 14.2",11.74,11.74,10.67,11.97,11.74,11.74,14.2,15.35,230.7,False,True,144.7,0.0671,0,0.802,0.171,operator_stop,57,True,,operator: s,
ep_student_Carton_1789504724_009,stu_simft_001000,119,student,s,True,False,contact_no_hold,True,False,True,False,False,1,"actions[:,6] (command)",10.12,87.8,21.7,,,"load 8.4N, area 5.1",8.44,0.0,0.0,8.44,5.01,8.44,5.1,0.0,0.0,False,False,,,0,0.0,0.0,operator_stop,60,False,"operator placed it, sensors say contact_no_hold",operator: s,
ep_student_Carton_1789504790_010,stu_simft_001000,120,student,s,True,False,placed_clean,True,True,False,False,False,1,"actions[:,6] (command)",10.62,101.6,35.5,10.62,101.6,"load 11.4N, area 10.5",11.44,11.44,10.88,12.86,11.44,11.44,10.5,14.95,243.7,False,True,155.7,0.0479,1,0.833,0.173,safety_stop,57,True,,operator: s,
ep_student_waffles_1789481502_000,pi05,101,student,f,False,False,held_at_cut,True,False,False,False,False,1,"actions[:,6] (command)",10.14,101.9,70.4,10.14,101.9,"load 21.9N, area 47.3",21.91,21.91,18.65,21.91,18.65,21.91,47.3,10.8,217.5,False,False,,,0,0.625,0.0,operator_stop,42,True,,operator: f,
ep_student_waffles_1789481554_001,pi05,102,student,f,False,False,contact_no_hold,True,False,True,False,False,1,"actions[:,6] (command)",8.74,90.7,59.2,,,"load 6.8N, area 1.9",6.77,0.0,0.0,13.58,2.05,0.0,1.9,0.0,0.0,False,False,,,0,0.0,0.0,operator_stop,25,True,,operator: f,
ep_student_waffles_1789481601_002,pi05,103,student,f,False,False,contact_no_hold,True,False,True,False,False,2,"actions[:,6] (command)",8.16,85.2,53.7,,,"load 4.0N, area 1.8",4.02,0.0,0.0,4.02,2.58,2.64,1.8,0.0,0.0,False,False,,,0,0.0,0.0,operator_stop,27,True,,operator: f,
ep_student_waffles_1789481640_003,pi05,104,student,f,False,False,held_dropped,True,False,True,False,False,1,"actions[:,6] (command)",6.65,74.7,43.2,6.65,74.7,"load 19.2N, area 13.7",19.17,19.17,12.02,19.17,12.02,19.17,13.7,2.85,209.1,True,True,269.1,0.016,0,0.0,0.0,safety_stop,30,True,,operator: f,
ep_student_waffles_1789481689_004,pi05,105,student,s,True,False,placed_clean,True,True,False,False,False,1,"actions[:,6] (command)",10.26,80.4,48.9,10.26,80.4,"load 15.1N, area 9.8",15.09,15.09,8.47,15.09,8.47,15.09,9.8,7.8,246.0,False,True,155.8,0.0185,1,0.944,0.0,operator_stop,49,True,,operator: s,
ep_student_waffles_1789482176_000,pi05,106,student,s,True,False,placed_clean,True,True,False,False,False,1,"actions[:,6] (command)",9.13,76.4,44.9,9.13,76.4,"load 15.1N, area 3.5, gOBJ2 0.82",15.06,15.06,13.18,15.06,13.18,15.06,3.5,9.95,241.0,False,True,152.4,0.0571,1,0.965,0.817,operator_stop,41,True,,operator: s,
ep_student_waffles_1789482257_001,pi05,107,student,f,False,False,placed_clean,True,True,False,False,False,3,"actions[:,6] (command)",9.86,98.5,67.0,10.42,99.9,"load 14.4N, area 25.3",14.37,14.37,10.37,14.37,10.37,14.37,25.3,9.35,229.9,False,True,143.5,0.016,0,0.123,0.0,safety_stop,47,False,"operator did not place it, sensors say placed_clean",operator: f,
ep_student_waffles_1789482334_002,pi05,108,student,f,False,False,held_at_cut,True,False,False,False,False,1,"actions[:,6] (command)",9.35,81.2,49.7,9.35,81.2,"load 13.5N, area 10.1, gOBJ2 0.68",13.53,13.53,10.9,13.53,10.9,13.53,10.1,11.15,232.9,False,False,,,0,0.936,0.681,control_lost,39,True,,operator: f,
ep_student_waffles_1789482399_003,pi05,109,student,f,False,False,contact_no_hold,True,False,True,False,False,2,"actions[:,6] (command)",8.46,76.3,44.8,,,"load 8.2N, area 4.9",8.2,0.0,0.0,12.56,4.89,8.2,4.9,0.0,0.0,False,False,,,0,0.0,0.0,operator_stop,34,True,,operator: f,
ep_student_waffles_1789482459_004,pi05,110,student,f,False,False,closed_on_air,False,False,False,False,False,1,"actions[:,6] (command)",8.66,90.0,58.5,,,,1.58,0.0,0.0,1.8,0.94,0.0,0.0,0.0,0.0,False,False,,,0,0.0,0.0,operator_stop,25,True,,operator: f,
ep_student_waffles_1789482492_005,pi05,111,student,f,False,False,contact_no_hold,True,False,True,False,False,1,"actions[:,6] (command)",8.7,95.1,63.6,,,"load 4.1N, area 4.5",4.12,0.0,0.0,4.12,1.94,0.0,4.5,0.0,0.0,False,False,,,0,0.0,0.0,operator_stop,25,True,,operator: f,
ep_student_waffles_1789482526_006,pi05,112,student,f,False,False,never_reached,False,False,False,False,False,0,"actions[:,6] (command)",,,,,,,0.0,0.0,0.0,1.33,0.04,0.0,0.0,0.0,0.0,False,False,,,0,0.0,0.0,safety_stop,14,True,,operator: f,
ep_student_waffles_1789482562_007,pi05,113,student,f,False,False,held_at_cut,True,False,False,False,False,3,"actions[:,6] (command)",10.06,82.1,50.6,13.77,167.6,"load 16.4N, area 47.4, gOBJ2 1.00",16.42,16.42,9.47,16.42,9.47,16.42,47.4,7.8,94.4,False,False,,,0,0.979,1.0,operator_stop,39,True,,operator: f,
ep_student_waffles_1789482670_009,pi05,114,student,f,False,False,closed_on_air,False,False,False,False,False,2,"actions[:,6] (command)",5.64,106.0,74.5,,,,1.74,0.0,0.0,1.74,0.05,0.0,0.0,0.0,0.0,False,False,,,0,0.0,0.0,operator_stop,25,True,,operator: f,
ep_student_waffles_1789482713_010,pi05,115,student,s,True,False,placed_clean,True,True,False,False,False,2,"actions[:,6] (command)",7.65,67.2,35.7,9.64,123.1,"load 11.4N, area 6.4",11.42,11.42,10.98,11.42,10.98,11.42,6.4,13.95,195.5,False,True,143.7,0.0353,1,0.0,0.0,operator_stop,54,True,,operator: s,
ep_student_waffles_1789482805_000,pi05,116,student,f,False,False,contact_no_hold,True,False,True,False,False,3,"actions[:,6] (command)",10.17,100.6,69.1,,,"load 5.3N, area 6.2",5.27,0.0,0.0,5.27,0.92,0.0,6.2,0.0,0.0,False,False,,,0,0.0,0.0,operator_stop,31,True,,operator: f,
ep_student_waffles_1789482838_001,pi05,117,student,f,False,False,closed_on_air,False,False,False,False,False,2,"actions[:,6] (command)",9.15,77.1,45.6,,,,2.29,0.0,0.0,2.29,1.61,0.0,0.0,0.0,0.0,False,False,,,0,0.0,0.0,operator_stop,29,True,,operator: f,
ep_student_waffles_1789482878_002,pi05,118,student,s,True,False,placed_clean,True,True,False,False,False,3,"actions[:,6] (command)",7.42,84.4,52.9,9.63,82.6,"load 11.1N, area 7.9",11.1,11.1,7.95,11.1,7.95,11.1,7.9,7.1,210.5,False,True,119.8,0.0184,1,0.0,0.0,operator_stop,46,True,,operator: s,
ep_student_waffles_1789482931_003,pi05,119,student,f,False,False,contact_no_hold,True,False,True,False,False,2,"actions[:,6] (command)",8.57,71.0,39.5,,,"load 8.0N, area 4.7",8.03,0.0,0.0,8.03,7.52,8.03,4.7,0.05,0.0,False,False,,,0,0.0,0.0,operator_stop,30,True,,"operator: f (verdict entered afterwards on Mikhail's word, 17:52 MSK)",
ep_student_waffles_1789482979_004,pi05,120,student,f,False,False,never_reached,False,False,False,False,False,0,"actions[:,6] (command)",,,,,,,0.0,0.0,0.0,4.5,0.05,0.0,0.0,0.0,0.0,False,False,,,0,0.0,0.0,safety_stop,15,True,,operator: f,
ep_student_waffles_1789483528_000,dp,101,student,f,False,False,never_reached,False,False,False,False,False,0,"actions[:,6] (command)",,,,,,,0.0,0.0,0.0,1.68,0.04,0.0,0.0,0.0,0.0,False,False,,,0,0.0,0.0,operator_stop,16,True,,operator: f,
ep_student_waffles_1789483577_001,dp,102,student,f,False,False,never_reached,False,False,False,False,False,0,"actions[:,6] (command)",,,,,,,0.0,0.0,0.0,1.55,0.05,0.0,0.0,0.0,0.0,False,False,,,0,0.0,0.0,operator_stop,9,True,,operator: f,
ep_student_waffles_1789483604_002,dp,103,student,f,False,False,never_reached,False,False,False,False,False,0,"actions[:,6] (command)",,,,,,,0.0,0.0,0.0,1.07,0.04,0.0,0.0,0.0,0.0,False,False,,,0,0.0,0.0,operator_stop,20,True,,operator: f,
ep_student_waffles_1789483639_003,dp,104,student,f,False,False,held_dropped,True,False,True,False,False,1,"actions[:,6] (command)",11.69,74.4,42.9,11.69,74.4,"load 7.3N, area 2.4",7.33,7.33,7.25,7.33,7.25,7.33,2.4,0.55,282.1,True,True,351.9,-0.0024,0,0.0,0.0,safety_stop,42,True,,operator: f,
ep_student_waffles_1789483740_004,dp,105,student,f,False,False,never_reached,False,False,False,False,False,0,"actions[:,6] (command)",,,,,,,0.0,0.0,0.0,1.32,0.49,0.0,0.0,0.0,0.0,False,False,,,0,0.0,0.0,operator_stop,23,True,,operator: f,
ep_student_waffles_1789483777_005,dp,106,student,f,False,False,contact_no_hold,True,False,True,False,False,2,"actions[:,6] (command)",15.69,41.0,9.5,16.69,37.8,"load 14.2N, area 11.8",14.23,14.23,8.04,14.23,8.04,14.23,11.8,0.95,1.6,False,False,,,0,0.0,0.0,operator_stop,46,True,,operator: f,
ep_student_waffles_1789483820_006,dp,107,student,f,False,False,contact_no_hold,True,False,True,False,False,1,"actions[:,6] (command)",13.72,42.9,11.4,13.72,42.9,"load 16.0N, area 5.3",16.01,16.01,7.36,16.01,7.36,16.01,5.3,0.45,0.0,False,False,,,0,0.0,0.0,operator_stop,37,True,,operator: f,
ep_student_waffles_1789483861_007,dp,108,student,f,False,False,contact_no_hold,True,False,True,False,False,1,"actions[:,6] (command)",18.41,75.5,44.0,,,area 0.6,1.9,0.0,0.0,1.9,1.19,0.0,0.6,0.0,0.0,False,False,,,0,0.0,0.0,operator_stop,52,True,,operator: f,
ep_student_waffles_1789483915_008,dp,109,student,s,True,False,contact_no_hold,True,False,True,False,False,1,"actions[:,6] (command)",10.77,71.2,39.7,,,"load 7.9N, area 4.9",7.88,0.0,0.0,7.88,7.83,7.88,4.9,0.05,0.0,False,False,,,0,0.0,0.0,operator_stop,56,False,"operator placed it, sensors say contact_no_hold",operator: s,
ep_student_waffles_1789483997_009,dp,110,student,f,False,False,never_reached,False,False,False,False,False,0,"actions[:,6] (command)",,,,,,,0.0,0.0,0.0,2.11,0.04,0.0,0.0,0.0,0.0,False,False,,,0,0.0,0.0,safety_stop,19,True,,operator: f,
ep_student_waffles_1789484080_000,dp,111,student,f,False,False,contact_no_hold,True,False,True,False,False,1,"actions[:,6] (command)",10.3,86.7,55.2,,,"load 5.0N, area 4.2",4.96,0.0,0.0,4.96,3.18,4.96,4.2,0.0,0.0,False,False,,,0,0.0,0.0,operator_stop,29,True,,operator: f,
ep_student_waffles_1789484121_001,dp,112,student,crushed_then_failed,False,True,contact_no_hold,True,False,True,False,False,1,"actions[:,6] (command)",13.29,37.6,6.1,13.29,37.6,"load 17.0N, area 13.2",16.98,16.98,10.8,16.98,10.8,16.98,13.2,0.55,0.7,False,False,,,0,0.0,0.0,safety_stop,28,False,"operator flagged excessive force, pinch peak only 17.0 N","operator: f (was c: crushed the pack, then hit the table -> safety stop; re-filed as a failure on Mikhail word 18:05 MSK",
ep_student_waffles_1789484172_002,dp,113,student,f,False,False,contact_no_hold,True,False,True,False,False,1,"actions[:,6] (command)",13.29,61.1,29.6,,,"load 3.4N, area 0.7",3.35,0.0,0.0,3.35,2.23,0.0,0.7,0.0,0.0,False,False,,,0,0.0,0.0,operator_stop,43,True,,"operator: f (verdict entered afterwards on Mikhail word, 18:05 MSK)",
ep_student_waffles_1789484255_003,dp,114,student,f,False,False,contact_no_hold,True,False,True,False,False,1,"actions[:,6] (command)",12.0,76.9,45.4,,,area 2.7,2.47,0.0,0.0,2.47,1.53,0.0,2.7,0.0,0.0,False,False,,,0,0.0,0.0,operator_stop,35,True,,operator: f,
ep_student_waffles_1789484294_004,dp,115,student,f,False,False,contact_no_hold,True,False,True,False,False,1,"actions[:,6] (command)",14.01,62.1,30.6,,,area 2.2,1.82,0.0,0.0,1.82,1.66,0.0,2.2,0.0,0.0,False,False,,,0,0.0,0.0,operator_stop,47,True,,operator: f,
ep_student_waffles_1789484376_005,dp,116,student,f,False,False,never_reached,False,False,False,False,False,0,"actions[:,6] (command)",,,,,,,0.0,0.0,0.0,1.22,0.8,0.0,0.0,0.0,0.0,False,False,,,0,0.0,0.0,operator_stop,26,True,,operator: f,
ep_student_waffles_1789484409_006,dp,117,student,s,True,False,placed_clean,True,True,False,False,False,3,"actions[:,6] (command)",14.71,82.8,51.3,16.43,82.8,"load 14.1N, area 18.7",14.11,14.11,12.47,14.11,12.47,14.11,18.7,10.7,276.7,False,True,141.4,0.052,1,0.569,0.0,operator_stop,73,True,,operator: s,
ep_student_waffles_1789484465_007,dp,118,student,f,False,False,closed_on_air,False,False,False,False,False,1,"actions[:,6] (command)",10.73,51.0,19.5,,,,1.95,0.0,0.0,1.95,1.51,0.0,0.0,0.0,0.0,False,False,,,0,0.0,0.0,operator_stop,33,True,,operator: f,
ep_student_waffles_1789484551_009,dp,119,student,f,False,False,never_reached,False,False,False,False,False,0,"actions[:,6] (command)",,,,,,,0.0,0.0,0.0,1.03,0.04,0.0,0.0,0.0,0.0,False,False,,,0,0.0,0.0,operator_stop,11,True,,operator: f,
ep_student_waffles_1789484605_010,dp,120,student,f,False,False,never_reached,False,False,False,False,False,0,"actions[:,6] (command)",,,,,,,0.0,0.0,0.0,1.7,0.03,0.0,0.0,0.0,0.0,False,False,,,0,0.0,0.0,operator_stop,12,True,,operator: f,
ep_student_waffles_1789500023_000,stu_simft_001000,101,student,s,True,False,placed_clean,True,True,False,False,False,2,"actions[:,6] (command)",11.17,67.3,35.8,11.17,67.3,"load 12.3N, area 12.0",12.29,12.29,10.5,12.29,10.5,12.29,12.0,14.9,286.7,False,True,119.6,0.068,0,0.878,0.0,safety_stop,58,True,,operator: s,
ep_student_waffles_1789500114_001,stu_simft_001000,102,student,s,True,False,placed_clean,True,True,False,False,False,1,"actions[:,6] (command)",15.59,61.8,30.3,15.59,61.8,"load 18.2N, area 14.6, gOBJ2 0.61",18.23,18.23,11.4,18.23,11.4,18.23,14.6,13.0,286.2,False,True,121.8,0.0808,0,0.837,0.613,operator_stop,66,True,,operator: s,
ep_student_waffles_1789500182_002,stu_simft_001000,103,student,s,True,False,placed_clean,True,True,False,False,False,1,"actions[:,6] (command)",12.68,69.7,38.2,12.68,69.7,"load 12.6N, area 14.0, gOBJ2 0.41",12.57,12.57,10.31,12.57,10.31,12.57,14.0,13.4,274.7,False,True,125.8,0.0971,0,0.832,0.41,operator_stop,56,True,,operator: s,
ep_student_waffles_1789500245_003,stu_simft_001000,104,student,f,False,False,never_reached,False,False,False,False,False,0,"actions[:,6] (command)",,,,,,,0.0,0.0,0.0,1.21,0.8,0.0,0.0,0.0,0.0,False,False,,,0,0.0,0.0,safety_stop,12,True,,operator: f,
ep_student_waffles_1789500278_004,stu_simft_001000,105,student,s,True,False,placed_clean,True,True,False,False,False,1,"actions[:,6] (command)",12.32,66.0,34.5,12.32,66.0,"load 14.6N, area 9.9, gOBJ2 0.40",14.61,14.61,9.76,14.61,9.76,14.61,9.9,14.45,278.7,False,True,116.1,0.075,0,0.809,0.397,operator_stop,64,True,,operator: s,
ep_student_waffles_1789500352_005,stu_simft_001000,106,student,s,True,False,placed_clean,True,True,False,False,False,2,"actions[:,6] (command)",12.4,64.1,32.6,13.36,61.7,"load 12.6N, area 5.5, gOBJ2 0.53",12.61,12.61,6.65,12.61,6.65,12.61,5.5,13.7,294.4,False,True,123.3,0.0839,0,0.844,0.526,safety_stop,60,True,,operator: s,
ep_student_waffles_1789500417_006,stu_simft_001000,107,student,s,True,False,placed_clean,True,True,False,False,False,2,"actions[:,6] (command)",10.59,57.8,26.3,10.59,57.8,"load 15.9N, area 14.3, gOBJ2 0.96",15.94,15.94,10.73,15.94,10.73,15.94,14.3,13.5,291.0,False,True,119.7,0.076,0,0.834,0.96,operator_stop,46,True,,operator: s,
ep_student_waffles_1789500515_007,stu_simft_001000,108,student,s,True,False,placed_clean,True,True,False,False,False,1,"actions[:,6] (command)",13.57,66.5,35.0,13.57,66.5,"load 19.4N, area 23.3, gOBJ2 0.31",19.41,19.41,15.46,19.41,15.46,19.41,23.3,14.0,276.2,False,True,119.0,0.0911,0,0.786,0.306,operator_stop,58,True,,operator: s,
ep_student_waffles_1789500580_008,stu_simft_001000,109,student,s,True,False,placed_clean,True,True,False,False,False,1,"actions[:,6] (command)",12.0,69.1,37.6,12.0,69.1,"load 16.1N, area 11.2, gOBJ2 0.36",16.13,16.13,14.49,16.13,14.49,16.13,11.2,14.65,283.2,False,True,123.4,0.0768,0,0.84,0.359,operator_stop,60,True,,operator: s,
ep_student_waffles_1789500673_009,stu_simft_001000,110,student,s,True,False,placed_clean,True,True,False,False,False,1,"actions[:,6] (command)",12.64,59.6,28.1,12.64,59.6,"load 12.0N, area 15.9, gOBJ2 0.52",12.03,12.03,9.34,12.03,9.34,12.03,15.9,12.2,284.8,False,True,115.0,0.0936,0,0.902,0.517,operator_stop,54,True,,operator: s,
ep_student_waffles_1789505005_000,stu_simft_001000,111,student,s,True,False,placed_clean,True,True,False,False,False,2,"actions[:,6] (command)",11.31,63.6,32.1,13.43,73.5,"load 9.7N, area 6.5, gOBJ2 0.92",9.68,9.68,8.67,9.68,8.67,9.68,6.5,13.15,296.3,False,True,130.8,0.0743,0,0.903,0.919,safety_stop,60,True,,operator: s,
ep_student_waffles_1789505068_001,stu_simft_001000,112,student,s,True,False,placed_clean,True,True,False,False,False,1,"actions[:,6] (command)",13.12,59.2,27.7,13.12,59.2,"load 11.7N, area 5.9, gOBJ2 0.67",11.74,11.74,8.41,11.74,8.41,11.74,5.9,13.2,283.8,False,True,136.5,0.0862,0,0.909,0.672,operator_stop,54,True,,operator: s,
ep_student_waffles_1789505119_002,stu_simft_001000,113,student,s,True,False,placed_clean,True,True,False,False,False,1,"actions[:,6] (command)",14.57,72.3,40.8,14.57,72.3,"load 20.8N, area 18.2",20.84,20.84,17.65,20.84,17.65,20.84,18.2,14.45,283.1,False,True,127.2,0.0787,0,0.831,0.0,operator_stop,59,True,,operator: s,
ep_student_waffles_1789505178_003,stu_simft_001000,114,student,s,True,False,placed_clean,True,True,False,False,False,1,"actions[:,6] (command)",11.27,66.9,35.4,11.27,66.9,"load 9.7N, area 6.1, gOBJ2 0.39",9.72,9.72,8.36,9.72,8.36,9.72,6.1,12.7,282.7,False,True,132.2,0.0969,0,0.856,0.386,operator_stop,51,True,,operator: s,
ep_student_waffles_1789505493_000,stu_simft_001000,115,student,s,True,False,placed_clean,True,True,False,False,False,1,"actions[:,6] (command)",10.97,75.0,43.5,10.97,75.0,"load 20.2N, area 12.0, gOBJ2 0.31",20.2,20.2,15.34,20.2,15.34,20.2,12.0,12.95,277.2,False,True,119.2,0.0972,0,0.869,0.31,safety_stop,58,True,,operator: s,
ep_student_waffles_1789505559_001,stu_simft_001000,116,student,s,True,False,placed_clean,True,True,False,False,False,2,"actions[:,6] (command)",12.68,66.7,35.2,15.12,86.3,"load 16.0N, area 7.6, gOBJ2 0.96",15.98,15.98,10.41,15.98,10.41,15.98,7.6,12.95,270.5,False,True,148.3,0.0924,1,0.935,0.956,operator_stop,63,True,,operator: s,
ep_student_waffles_1789505618_002,stu_simft_001000,117,student,s,True,False,placed_clean,True,True,False,False,False,2,"actions[:,6] (command)",15.92,62.8,31.3,17.49,62.3,"load 8.3N, area 3.8, gOBJ2 0.94",8.29,8.29,5.93,8.29,5.93,8.29,3.8,15.05,278.2,False,True,123.2,0.0616,0,0.877,0.942,safety_stop,70,True,,operator: s,
ep_student_waffles_1789505696_003,stu_simft_001000,118,student,s,True,False,placed_clean,True,True,False,False,False,1,"actions[:,6] (command)",12.17,67.9,36.4,12.17,67.9,"load 14.7N, area 13.5, gOBJ2 0.67",14.72,14.72,12.0,14.72,12.0,14.72,13.5,15.55,276.6,False,True,137.0,0.0856,0,0.849,0.667,safety_stop,63,True,,operator: s,
ep_student_waffles_1789505765_004,stu_simft_001000,119,student,s,True,False,placed_clean,True,True,False,False,False,1,"actions[:,6] (command)",12.0,64.8,33.3,12.0,64.8,"load 14.0N, area 16.6, gOBJ2 0.43",13.98,13.98,11.51,13.98,11.51,13.98,16.6,14.45,299.9,False,True,121.4,0.1064,0,0.82,0.426,operator_stop,65,True,,operator: s,
ep_student_waffles_1789505832_005,stu_simft_001000,120,student,s,True,False,placed_clean,True,True,False,False,False,3,"actions[:,6] (command)",11.6,71.8,40.3,11.6,71.8,"load 13.4N, area 18.5",13.4,13.4,12.35,13.4,12.35,13.4,18.5,14.05,284.0,False,True,137.6,0.0654,0,0.871,0.0,safety_stop,62,True,,operator: s,
ep_teacher_Carton_1789501995_000,v6_simft2k,101,teacher,f,False,False,never_reached,False,False,False,False,False,0,"actions[:,6] (command)",,,,,,,0.0,0.0,0.0,1.85,0.06,0.0,0.0,0.0,0.0,False,False,,,0,0.0,0.0,operator_stop,12,True,,operator: f,
ep_teacher_Carton_1789502023_001,v6_simft2k,102,teacher,f,False,False,held_dropped,True,False,True,False,False,1,"actions[:,6] (command)",10.66,94.9,28.8,10.66,94.9,"load 12.6N, area 14.4",12.6,12.6,9.17,12.6,9.17,12.6,14.4,3.95,189.7,True,True,284.4,-0.2275,0,0.0,0.0,safety_stop,35,True,,operator: f,
ep_teacher_Carton_1789502086_002,v6_simft2k,103,teacher,f,False,False,never_reached,False,False,False,False,False,0,"actions[:,6] (command)",,,,,,,0.0,0.0,0.0,1.45,0.05,0.0,0.0,0.0,0.0,False,False,,,0,0.0,0.0,operator_stop,11,True,,operator: f,
ep_teacher_Carton_1789502114_003,v6_simft2k,104,teacher,s,True,False,placed_clean,True,True,False,False,False,1,"actions[:,6] (command)",12.15,105.2,39.1,12.15,105.2,"load 12.7N, area 32.8",12.71,12.71,11.16,12.71,11.16,12.71,32.8,21.25,229.3,False,True,157.3,0.0474,1,0.831,0.149,operator_stop,83,True,,operator: s,
ep_teacher_Carton_1789502177_004,v6_simft2k,105,teacher,s,True,False,placed_clean,True,True,False,False,False,1,"actions[:,6] (command)",12.14,103.7,37.6,12.14,103.7,"load 12.3N, area 16.0, gOBJ2 0.20",12.34,12.34,11.91,12.34,11.91,12.34,16.0,22.1,243.4,False,True,155.7,0.07,0,0.825,0.2,safety_stop,104,True,,operator: s,
ep_teacher_Carton_1789502257_005,v6_simft2k,106,teacher,s,True,False,placed_clean,True,True,False,False,False,1,"actions[:,6] (command)",10.46,98.0,31.9,10.46,98.0,"load 14.2N, area 29.7",14.17,14.17,10.99,14.17,10.99,14.17,29.7,20.1,261.1,False,True,157.4,0.0681,1,0.761,0.0,operator_stop,81,True,,operator: s,
ep_teacher_Carton_1789502312_006,v6_simft2k,107,teacher,f,False,False,never_reached,False,False,False,False,False,0,"actions[:,6] (command)",,,,,,,0.0,0.0,0.0,1.42,0.05,0.0,0.0,0.0,0.0,False,False,,,0,0.0,0.0,operator_stop,9,True,,operator: f,
ep_teacher_Carton_1789502330_007,v6_simft2k,108,teacher,f,False,False,never_reached,False,False,False,False,False,0,"actions[:,6] (command)",,,,,,,0.0,0.0,0.0,2.82,0.05,0.0,0.0,0.0,0.0,False,False,,,0,0.0,0.0,operator_stop,11,True,,operator: f,
ep_teacher_Carton_1789502351_008,v6_simft2k,109,teacher,s,True,False,placed_clean,True,True,False,False,False,1,"actions[:,6] (command)",13.72,109.9,43.8,13.72,109.9,"load 10.4N, area 9.6",10.39,10.39,10.09,10.39,10.09,10.39,9.6,20.8,242.6,False,True,157.5,0.0442,1,0.0,0.0,operator_stop,99,True,,operator: s,
ep_teacher_Carton_1789502412_009,v6_simft2k,110,teacher,s,True,False,placed_clean,True,True,False,False,False,1,"actions[:,6] (command)",11.75,83.2,17.1,11.75,83.2,"load 12.4N, area 10.4, gOBJ2 0.23",12.36,12.36,11.84,12.36,11.84,12.36,10.4,22.2,262.1,False,True,156.9,0.068,1,0.868,0.234,operator_stop,109,True,,operator: s,
ep_teacher_Carton_1789502505_000,v6_simft2k,111,teacher,f,False,False,never_reached,False,False,False,False,False,0,"actions[:,6] (command)",,,,,,,0.0,0.0,0.0,1.6,0.05,0.0,0.0,0.0,0.0,False,False,,,0,0.0,0.0,operator_stop,10,True,,operator: f,
ep_teacher_Carton_1789502523_001,v6_simft2k,112,teacher,s,True,False,placed_clean,True,True,False,False,False,1,"actions[:,6] (command)",8.2,88.0,21.9,8.2,88.0,"load 11.2N, area 5.4",11.25,11.25,5.78,11.25,6.1,11.25,5.4,17.1,261.9,False,True,156.7,0.0886,1,0.908,0.147,operator_stop,68,True,,operator: s,
ep_teacher_Carton_1789502578_002,v6_simft2k,113,teacher,f,False,False,never_reached,False,False,False,False,False,0,"actions[:,6] (command)",,,,,,,0.0,0.0,0.0,2.08,0.04,0.0,0.0,0.0,0.0,False,False,,,0,0.0,0.0,operator_stop,13,True,,operator: f,
ep_teacher_Carton_1789502625_004,v6_simft2k,114,teacher,s,True,False,placed_clean,True,True,False,False,False,1,"actions[:,6] (command)",10.41,93.0,26.9,10.41,93.0,"load 9.7N, area 5.4",9.69,9.69,7.7,9.69,7.7,9.69,5.4,22.45,270.0,False,True,157.1,0.0729,1,0.928,0.079,operator_stop,88,True,,operator: s,
ep_teacher_Carton_1789502714_005,v6_simft2k,115,teacher,s,True,False,placed_clean,True,True,False,False,False,1,"actions[:,6] (command)",12.67,100.4,34.3,12.67,100.4,"load 10.0N, area 17.0",9.96,9.96,8.54,9.96,8.54,9.96,17.0,21.9,251.7,False,True,158.1,0.0708,1,0.787,0.0,operator_stop,96,True,,operator: s,
ep_teacher_Carton_1789502823_006,v6_simft2k,116,teacher,s,True,False,placed_clean,True,True,False,False,False,1,"actions[:,6] (command)",11.23,82.0,15.9,11.23,82.0,"load 11.3N, area 6.9",11.31,11.31,10.27,11.31,10.27,11.31,6.9,20.7,283.1,False,True,157.8,0.1016,1,0.871,0.0,operator_stop,61,True,,operator: s,
ep_teacher_Carton_1789502901_007,v6_simft2k,117,teacher,s,True,False,placed_clean,True,True,False,False,False,1,"actions[:,6] (command)",10.9,79.1,13.0,10.9,79.1,"load 11.5N, area 12.2",11.54,11.54,9.85,11.54,9.85,11.54,12.2,19.45,290.7,False,True,153.7,0.0955,0,0.764,0.0,operator_stop,65,True,,operator: s,
ep_teacher_Carton_1789502972_008,v6_simft2k,118,teacher,s,True,False,placed_clean,True,True,False,False,False,1,"actions[:,6] (command)",12.79,82.5,16.4,12.79,82.5,"load 11.5N, area 21.8",11.46,11.46,11.05,11.46,11.05,11.46,21.8,20.3,287.8,False,True,158.4,0.0912,0,0.479,0.0,operator_stop,72,True,,operator: s,
ep_teacher_Carton_1789503045_009,v6_simft2k,119,teacher,s,True,False,placed_clean,True,True,False,False,False,1,"actions[:,6] (command)",11.5,91.4,25.3,11.5,91.4,"load 9.7N, area 6.4",9.66,9.66,8.16,9.66,8.16,9.66,6.4,19.7,288.3,False,True,157.0,0.0952,1,0.837,0.0,operator_stop,62,True,,operator: s,
ep_teacher_Carton_1789503121_010,v6_simft2k,120,teacher,f,False,False,never_reached,False,False,False,False,False,0,"actions[:,6] (command)",,,,,,,0.0,0.0,0.0,2.5,0.04,0.0,0.0,0.0,0.0,False,False,,,0,0.0,0.0,safety_stop,9,True,,operator: f,
ep_teacher_waffles_1789500996_000,v6_simft2k,101,teacher,s,True,False,placed_clean,True,True,False,False,False,1,"actions[:,6] (command)",12.7,68.1,36.6,12.7,68.1,"load 15.2N, area 14.4",15.16,15.16,10.62,15.16,10.62,15.16,14.4,16.8,281.4,False,True,154.3,0.0967,1,0.91,0.0,operator_stop,92,True,,operator: s,
ep_teacher_waffles_1789501060_001,v6_simft2k,102,teacher,s,True,False,placed_clean,True,True,False,False,False,1,"actions[:,6] (command)",10.86,65.2,33.7,10.86,65.2,"load 14.9N, area 14.1",14.9,14.9,9.7,14.9,9.7,14.9,14.1,18.15,268.5,False,True,155.8,0.1026,1,0.925,0.0,operator_stop,87,True,,operator: s,
ep_teacher_waffles_1789501127_002,v6_simft2k,103,teacher,s,True,False,placed_clean,True,True,False,False,False,1,"actions[:,6] (command)",10.12,67.7,36.2,10.12,67.7,"load 15.5N, area 12.0",15.5,15.5,11.79,15.5,11.79,15.5,12.0,17.45,289.2,False,True,153.7,0.1012,1,0.904,0.0,operator_stop,85,True,,operator: s,
ep_teacher_waffles_1789501183_003,v6_simft2k,104,teacher,f,False,False,closed_on_air,False,False,False,False,False,2,"actions[:,6] (command)",11.53,70.7,39.2,,,,1.99,0.0,0.0,1.99,1.66,0.0,0.0,0.0,0.0,False,False,,,0,0.0,0.0,operator_stop,38,True,,operator: f,
ep_teacher_waffles_1789501219_004,v6_simft2k,105,teacher,s,True,False,placed_clean,True,True,False,False,False,1,"actions[:,6] (command)",12.2,67.0,35.5,12.2,67.0,"load 14.9N, area 28.3",14.95,14.95,13.11,14.95,13.11,14.95,28.3,22.85,281.3,False,True,135.6,0.1121,0,0.815,0.0,operator_stop,111,True,,operator: s,
ep_teacher_waffles_1789501292_005,v6_simft2k,106,teacher,s,True,False,placed_clean,True,True,False,False,False,1,"actions[:,6] (command)",10.72,72.0,40.5,10.72,72.0,"load 17.5N, area 26.3",17.5,17.5,13.08,17.5,13.08,17.5,26.3,20.1,279.5,False,True,156.3,0.0856,1,0.898,0.0,operator_stop,82,True,,operator: s,
ep_teacher_waffles_1789501347_006,v6_simft2k,107,teacher,f,False,False,never_reached,False,False,False,False,False,0,"actions[:,6] (command)",,,,,,,0.0,0.0,0.0,0.98,0.05,0.0,0.0,0.0,0.0,False,False,,,0,0.0,0.0,operator_stop,10,True,,operator: f,
ep_teacher_waffles_1789501367_007,v6_simft2k,108,teacher,s,True,False,placed_crushed,True,False,False,True,True,1,"actions[:,6] (command)",10.07,68.1,36.6,10.07,68.1,"load 27.8N, area 29.3",27.78,27.78,20.16,27.78,20.16,27.78,29.3,20.7,287.3,False,True,155.1,0.0951,1,0.923,0.0,safety_stop,75,False,"operator placed it, sensors say placed_crushed; pinch peak 27.8 N above the crush band, operator flagged nothing",operator: s,
ep_teacher_waffles_1789501426_008,v6_simft2k,109,teacher,f,False,False,contact_no_hold,True,False,True,False,False,3,"actions[:,6] (command)",10.91,72.6,41.1,,,area 0.2,2.07,0.0,0.0,2.07,1.73,0.0,0.2,0.0,0.0,False,False,,,0,0.0,0.0,operator_stop,39,True,,operator: f,
ep_teacher_waffles_1789501464_009,v6_simft2k,110,teacher,s,True,False,placed_clean,True,True,False,False,False,1,"actions[:,6] (command)",11.28,58.3,26.8,11.28,58.3,"load 14.7N, area 20.3",14.71,14.71,13.32,14.71,13.32,14.71,20.3,18.25,288.1,False,True,143.3,0.0941,0,0.887,0.029,operator_stop,84,True,,operator: s,
ep_teacher_waffles_1789507394_002,v6_simft2k,111,teacher,s,True,False,held_dropped,True,False,True,False,False,1,"actions[:,6] (command)",8.99,65.3,33.8,8.99,65.3,"load 14.5N, area 11.5",14.5,14.5,12.47,14.5,12.47,14.5,11.5,14.5,308.0,True,True,271.5,0.0762,0,0.878,0.038,safety_stop,58,False,"operator placed it, sensors say held_dropped",operator: s,
ep_teacher_waffles_1789507661_000,v6_simft2k,112,teacher,s,True,False,placed_crushed,True,False,False,True,True,1,"actions[:,6] (command)",11.22,65.9,34.4,11.22,65.9,"load 25.4N, area 10.2",25.42,25.42,18.68,25.42,18.68,25.42,10.2,18.95,276.2,False,True,153.1,0.1005,0,0.883,0.0,operator_stop,87,False,"operator placed it, sensors say placed_crushed; pinch peak 25.4 N above the crush band, operator flagged nothing",operator: s,
ep_teacher_waffles_1789507730_001,v6_simft2k,113,teacher,s,True,False,placed_clean,True,True,False,False,False,1,"actions[:,6] (command)",11.72,70.4,38.9,11.72,70.4,"load 13.0N, area 11.5",12.99,12.99,11.56,12.99,11.56,12.99,11.5,20.95,286.7,False,True,156.1,0.0913,1,0.916,0.0,operator_stop,104,True,,operator: s,
ep_teacher_waffles_1789507798_002,v6_simft2k,114,teacher,f,False,False,contact_no_hold,True,False,True,False,False,5,"actions[:,6] (command)",10.72,64.0,32.5,,,load 2.8N,2.84,0.0,0.0,2.84,1.12,0.0,0.0,0.0,0.0,False,False,,,0,0.0,0.0,operator_stop,51,True,,operator: f,
ep_teacher_waffles_1789507866_003,v6_simft2k,115,teacher,s,True,False,placed_clean,True,True,False,False,False,1,"actions[:,6] (command)",10.36,68.8,37.3,10.36,68.8,"load 12.6N, area 6.1",12.59,12.59,10.82,12.59,10.82,12.59,6.1,17.4,270.5,False,True,156.1,0.0901,1,0.934,0.0,operator_stop,81,True,,operator: s,
ep_teacher_waffles_1789507931_004,v6_simft2k,116,teacher,s,True,False,placed_clean,True,True,False,False,False,1,"actions[:,6] (command)",10.38,62.0,30.5,10.38,62.0,"load 13.7N, area 7.9",13.67,13.67,9.91,13.67,9.91,13.67,7.9,18.05,292.8,False,True,156.6,0.1027,1,0.934,0.0,operator_stop,74,True,,operator: s,
ep_teacher_waffles_1789507991_005,v6_simft2k,117,teacher,f,False,False,contact_no_hold,True,False,True,False,False,11,"actions[:,6] (command)",9.92,61.8,30.3,,,"load 16.1N, area 0.7",16.14,0.0,0.0,16.14,2.08,0.0,0.7,0.0,0.0,False,False,,,0,0.0,0.0,veto_retry_cap,76,True,,operator: f,
ep_teacher_waffles_1789508051_006,v6_simft2k,118,teacher,s,True,False,placed_clean,True,True,False,False,False,1,"actions[:,6] (command)",10.59,65.9,34.4,10.59,65.9,"load 17.7N, area 23.3",17.73,17.73,13.42,17.73,13.42,17.73,23.3,17.95,280.9,False,True,156.5,0.0825,1,0.908,0.0,operator_stop,107,True,,operator: s,
ep_teacher_waffles_1789508122_007,v6_simft2k,119,teacher,s,True,False,placed_clean,True,True,False,False,False,1,"actions[:,6] (command)",11.02,66.6,35.1,11.02,66.6,"load 13.7N, area 10.5",13.7,13.7,11.43,13.7,11.43,13.7,10.5,17.55,279.4,False,True,151.2,0.0924,0,0.866,0.0,operator_stop,87,True,,operator: s,
ep_teacher_waffles_1789508184_008,v6_simft2k,120,teacher,f,False,False,contact_no_hold,True,False,True,False,False,2,"actions[:,6] (command)",11.33,80.2,48.7,,,area 0.6,2.06,0.0,0.0,2.06,2.04,0.0,0.6,0.0,0.0,False,False,,,0,0.0,0.0,operator_stop,62,True,,operator: f,
